[
  {
    "value": "@sys.person:person",
    "synonyms": [
      "@sys.person:person"
    ]
  },
  {
    "value": "@nicknamelist:nicknamelist @nicknamelist:last-name",
    "synonyms": [
      "@nicknamelist:nicknamelist @nicknamelist:last-name"
    ]
  },
  {
    "value": "@sys.given-name:given-namec @sys.given-name:given-name6 @sys.given-name:given-name7",
    "synonyms": [
      "@sys.given-name:given-namec @sys.given-name:given-name6 @sys.given-name:given-name7"
    ]
  },
  {
    "value": "@sys.last-name:last-name_solo @sys.given-name:given-name_solo ",
    "synonyms": [
      "@sys.last-name:last-name_solo @sys.given-name:given-name_solo "
    ]
  },
  {
    "value": "@sys.given-name:given-name5 @sys.given-name:given-name6 @sys.last-name:last-name_c",
    "synonyms": [
      "@sys.given-name:given-name5 @sys.given-name:given-name6 @sys.last-name:last-name_c"
    ]
  },
  {
    "value": "@sys.last-name:last-namea @sys.last-name:last-nameb",
    "synonyms": [
      "@sys.last-name:last-namea @sys.last-name:last-nameb"
    ]
  },
  {
    "value": "@sys.given-name:given-name3 @sys.given-name:given-name4",
    "synonyms": [
      "@sys.given-name:given-name3 @sys.given-name:given-name4"
    ]
  },
  {
    "value": "@sys.given-name:nombre-uno @sys.given-name:nombre-2",
    "synonyms": [
      "@sys.given-name:nombre-uno @sys.given-name:nombre-2"
    ]
  },
  {
    "value": "@sys.last-name:apell-2  @sys.last-name:apell-1",
    "synonyms": [
      "@sys.last-name:apell-2  @sys.last-name:apell-1"
    ]
  },
  {
    "value": "@sys.given-name:given-name2  @sys.last-name:last-name2",
    "synonyms": [
      "@sys.given-name:given-name2  @sys.last-name:last-name2"
    ]
  }
]