[
  {
    "id": "12033640-6b3b-4840-bb6e-aff937d3f6b9",
    "data": [
      {
        "text": "sizas ",
        "userDefined": false
      },
      {
        "text": "ñero",
        "meta": "@sys.last-name",
        "alias": "last-name",
        "userDefined": false
      }
    ],
    "isTemplate": false,
    "count": 1,
    "lang": "es",
    "updated": 0
  },
  {
    "id": "5fb1abb3-ff9c-46f5-9053-d0533ed510ef",
    "data": [
      {
        "text": "Jefe",
        "userDefined": false
      }
    ],
    "isTemplate": false,
    "count": 1,
    "lang": "es",
    "updated": 0
  },
  {
    "id": "950edec2-9456-49b1-a901-b93299daeb69",
    "data": [
      {
        "text": "Buenos días jefe",
        "userDefined": false
      }
    ],
    "isTemplate": false,
    "count": 1,
    "lang": "es",
    "updated": 0
  },
  {
    "id": "855de182-76c2-4216-95e4-092e71c0c442",
    "data": [
      {
        "text": "Hola",
        "userDefined": false
      }
    ],
    "isTemplate": false,
    "count": 0,
    "lang": "es",
    "updated": 0
  },
  {
    "id": "e1dc312d-8897-42cf-94ae-37f8c7838125",
    "data": [
      {
        "text": "Buenos días",
        "userDefined": false
      }
    ],
    "isTemplate": false,
    "count": 0,
    "lang": "es",
    "updated": 0
  }
]