[
  {
    "id": "c5774a1e-23e1-4fd7-9cc0-84842fe714ea",
    "data": [
      {
        "text": "me dicen el ",
        "userDefined": false
      },
      {
        "text": "luchito",
        "meta": "@cualquierNombre",
        "alias": "cualquiernombre",
        "userDefined": true
      }
    ],
    "isTemplate": false,
    "count": 0,
    "lang": "es",
    "updated": 0
  },
  {
    "id": "9670a645-9c99-4c67-8ae6-5dd7a5db9b4b",
    "data": [
      {
        "text": "me llamo ",
        "userDefined": false
      },
      {
        "text": "luis",
        "meta": "@cualquierNombre",
        "alias": "cualquiernombre",
        "userDefined": false
      }
    ],
    "isTemplate": false,
    "count": 0,
    "lang": "es",
    "updated": 0
  },
  {
    "id": "0c472e40-924b-4284-869a-5d209d8faa9a",
    "data": [
      {
        "text": "me llamo ",
        "userDefined": false
      },
      {
        "text": "pedro",
        "meta": "@cualquierNombre",
        "alias": "cualquiernombre",
        "userDefined": false
      }
    ],
    "isTemplate": false,
    "count": 0,
    "lang": "es",
    "updated": 0
  },
  {
    "id": "383612e3-57d8-4320-9586-ff622499aa71",
    "data": [
      {
        "text": "Con ",
        "userDefined": false
      },
      {
        "text": "Juan",
        "meta": "@cualquierNombre",
        "alias": "cualquiernombre",
        "userDefined": false
      }
    ],
    "isTemplate": false,
    "count": 0,
    "lang": "es",
    "updated": 0
  },
  {
    "id": "bd5b6220-975a-43a9-a54e-36a91b4b2341",
    "data": [
      {
        "text": "Juan",
        "meta": "@cualquierNombre",
        "alias": "cualquiernombre",
        "userDefined": false
      }
    ],
    "isTemplate": false,
    "count": 0,
    "lang": "es",
    "updated": 0
  }
]