[
  {
    "id": "2a7fd0e3-975c-42b3-a011-6300ca04e3fe",
    "data": [
      {
        "text": "2",
        "meta": "@sys.number",
        "alias": "number",
        "userDefined": false
      }
    ],
    "isTemplate": false,
    "count": 0,
    "lang": "es",
    "updated": 0
  },
  {
    "id": "134f124d-f990-4883-92b0-744ac239105a",
    "data": [
      {
        "text": "Pregunta",
        "userDefined": false
      }
    ],
    "isTemplate": false,
    "count": 0,
    "lang": "es",
    "updated": 0
  },
  {
    "id": "ba2c8aaa-d434-4b0a-93ae-e79d0e41bf63",
    "data": [
      {
        "text": "Tengo ",
        "userDefined": false
      },
      {
        "text": "una",
        "userDefined": false
      },
      {
        "text": " pregunta",
        "userDefined": false
      }
    ],
    "isTemplate": false,
    "count": 0,
    "lang": "es",
    "updated": 0
  },
  {
    "id": "9a937a40-ff58-428d-b709-ebd8e5d3ba3b",
    "data": [
      {
        "text": "Tengo preguntas",
        "userDefined": false
      }
    ],
    "isTemplate": false,
    "count": 0,
    "lang": "es",
    "updated": 0
  },
  {
    "id": "b45cd636-738e-44f3-a645-9aa2a595e512",
    "data": [
      {
        "text": "Tengo dudas",
        "userDefined": false
      }
    ],
    "isTemplate": false,
    "count": 0,
    "lang": "es",
    "updated": 0
  },
  {
    "id": "e73165ab-7011-45e5-86ca-800d4eaaa98b",
    "data": [
      {
        "text": "Por fin acabe",
        "userDefined": false
      }
    ],
    "isTemplate": false,
    "count": 0,
    "lang": "es",
    "updated": 0
  },
  {
    "id": "14825dce-d77b-4f11-a85e-df3ae71f14f4",
    "data": [
      {
        "text": "He finalizado el trabajo",
        "userDefined": false
      }
    ],
    "isTemplate": false,
    "count": 0,
    "lang": "es",
    "updated": 0
  },
  {
    "id": "f6ec59e8-938d-441e-ab2d-2c3f413932ae",
    "data": [
      {
        "text": "Ya termine mis tareas",
        "userDefined": false
      }
    ],
    "isTemplate": false,
    "count": 0,
    "lang": "es",
    "updated": 0
  },
  {
    "id": "39b483c7-8a94-476a-a0ce-0a9b9e244bcc",
    "data": [
      {
        "text": "elijo el número ",
        "userDefined": false
      },
      {
        "text": "2",
        "meta": "@sys.number",
        "alias": "number",
        "userDefined": true
      }
    ],
    "isTemplate": false,
    "count": 0,
    "lang": "es",
    "updated": 0
  },
  {
    "id": "d3840c20-f9b0-4f2b-9012-3c6cb642478f",
    "data": [
      {
        "text": "Lo ",
        "userDefined": false
      },
      {
        "text": "segundo",
        "meta": "@sys.number",
        "alias": "number",
        "userDefined": true
      }
    ],
    "isTemplate": false,
    "count": 0,
    "lang": "es",
    "updated": 0
  },
  {
    "id": "690c8ac4-96e4-4689-a911-2d2e28693eea",
    "data": [
      {
        "text": "el ",
        "userDefined": false
      },
      {
        "text": "segundo",
        "meta": "@sys.number",
        "alias": "number",
        "userDefined": true
      }
    ],
    "isTemplate": false,
    "count": 0,
    "lang": "es",
    "updated": 0
  },
  {
    "id": "5b1c6b33-38a8-40b0-8ead-859be13aa8bd",
    "data": [
      {
        "text": "elijo el ",
        "userDefined": false
      },
      {
        "text": "primero",
        "meta": "@sys.number",
        "alias": "number",
        "userDefined": true
      },
      {
        "text": " y el ",
        "userDefined": false
      },
      {
        "text": "segundo",
        "meta": "@sys.number",
        "alias": "number",
        "userDefined": true
      }
    ],
    "isTemplate": false,
    "count": 0,
    "lang": "es",
    "updated": 0
  },
  {
    "id": "f4b1fdb9-e135-4329-acd1-3619cc0b506b",
    "data": [
      {
        "text": "muéstrame el ",
        "userDefined": false
      },
      {
        "text": "segundo",
        "meta": "@sys.number",
        "alias": "number",
        "userDefined": true
      }
    ],
    "isTemplate": false,
    "count": 0,
    "lang": "es",
    "updated": 0
  }
]