[
  {
    "id": "61d0edb8-1742-4152-805c-2ce989df433c",
    "data": [
      {
        "text": "Mis vacaciones jefe",
        "userDefined": false
      }
    ],
    "isTemplate": false,
    "count": 0,
    "lang": "es",
    "updated": 0
  },
  {
    "id": "40e6e65a-9254-4cfd-8ad3-b1c7a93dc315",
    "data": [
      {
        "text": "Cuándo puedo adquirir vacaciones",
        "userDefined": false
      }
    ],
    "isTemplate": false,
    "count": 0,
    "lang": "es",
    "updated": 0
  },
  {
    "id": "f19777f3-cb68-441d-a0be-7f42cec91577",
    "data": [
      {
        "text": "Vacaciones",
        "userDefined": false
      }
    ],
    "isTemplate": false,
    "count": 0,
    "lang": "es",
    "updated": 0
  },
  {
    "id": "a60c74ba-8a9e-4130-87f6-15b25c78f92a",
    "data": [
      {
        "text": "elijo el ",
        "userDefined": false
      },
      {
        "text": "primero",
        "meta": "@opcion_seguridad",
        "alias": "opcion_seguridad",
        "userDefined": false
      }
    ],
    "isTemplate": false,
    "count": 0,
    "lang": "es",
    "updated": 0
  },
  {
    "id": "64c5f0bd-9b7b-4034-b0ec-dbd513cda2ca",
    "data": [
      {
        "text": "el ",
        "userDefined": false
      },
      {
        "text": "primero",
        "meta": "@sys.number",
        "alias": "number",
        "userDefined": false
      }
    ],
    "isTemplate": false,
    "count": 0,
    "lang": "es",
    "updated": 0
  },
  {
    "id": "d3840c20-f9b0-4f2b-9012-3c6cb642478f",
    "data": [
      {
        "text": "selecciono el ",
        "userDefined": false
      },
      {
        "text": "primero",
        "meta": "@sys.number",
        "alias": "number",
        "userDefined": true
      }
    ],
    "isTemplate": false,
    "count": 0,
    "lang": "es",
    "updated": 0
  }
]